Felecia,Puddan,China,635-998-2281,fpuddan0@umich.edu,233 Dexter Trail
Fiona,Possek,China,783-470-6097,fpossek1@clickbank.net,928 Lien Plaza
Maddy,Mowsley,Russia,550-264-3023,mmowsley2@accuweather.com,98401 Melby Road
Paulie,Burney,United States,419-710-9758,pburney3@boston.com,89827 Schiller Point
Doloritas,Butchart,China,458-880-7140,dbutchart4@ucoz.com,92962 Sutherland Lane
Cam,Flukes,Portugal,699-695-8557,cflukes5@upenn.edu,490 Almo Alley
Vonny,Follit,Philippines,913-751-5289,vfollit6@ask.com,3 Fremont Junction
Konstantine,Maith,Vietnam,210-534-6492,kmaith7@cam.ac.uk,07 Lawn Pass
Dur,Charker,Czech Republic,314-474-9747,dcharker8@last.fm,55635 Crescent Oaks Road
Gipsy,Hayller,Philippines,978-468-1118,ghayller9@photobucket.com,855 Loeprich Hill
Rhody,Deeson,Indonesia,230-200-2457,rdeesona@discovery.com,8622 Jay Crossing
Nan,Cardall,Philippines,612-467-5559,ncardallb@wufoo.com,5 Goodland Park
Emmerich,Keighley,China,869-859-2976,ekeighleyc@opera.com,408 Columbus Point
Orton,Lassetter,Ghana,980-581-5484,olassetterd@reference.com,05069 Hanson Avenue
Nealon,Molineux,Russia,638-867-1125,nmolineuxe@smh.com.au,729 Northland Lane
Wolf,Gabbat,Indonesia,151-254-4997,wgabbatf@latimes.com,0 Pine View Way
Roth,Silk,China,868-342-1147,rsilkg@creativecommons.org,71 Holy Cross Drive
Ryun,Binney,Uzbekistan,930-287-7478,rbinneyh@sbwire.com,8114 Memorial Park
Sandor,Louiset,Brazil,729-275-0708,slouiseti@yelp.com,34 Oriole Hill
Cliff,Koschke,Russia,827-102-1277,ckoschkej@desdev.cn,85 Coleman Hill